company,title,location,link,postedOn,updatedOn
AQR Capital Management,Global Stock Selection Researcher – Alternative Data ,"Greenwich, CT",https://careers.aqr.com/jobs?gh_jid=8255819&gh_jid=8255819,2026-10-05T09:03:26-04:00,2026-10-05T09:03:26-04:00
Allstate,"Managing Engineer, Data Engineering",US - Remote,https://allstate.wd5.myworkdayjobs.com/en-US/allstate_careers/job/US---Remote/Managing-Engineer--Data-Engineering_R35362-1,Posted Today,
"CrowdStrike, Inc","Engineer III, AI SDLC Engineer (Remote)",USA - Remote,https://crowdstrike.wd5.myworkdayjobs.com/en-US/crowdstrikecareers/job/USA---Remote/Engineer-III--AI-SDLC-Engineer--Remote-_R30271,Posted Today,
BorgWarner,Component Engineering Intern,Kokomo Technical Center - Indiana - USA,https://borgwarner.wd5.myworkdayjobs.com/en-US/BorgWarner_Careers/job/Kokomo-Technical-Center---Indiana---USA/Component-Engineering-Intern_R2026-3933,Posted Today,
GE Healthcare,Clinical Applications Engineer,Haifa HEALTHCARE HA IL 2,https://gehc.wd5.myworkdayjobs.com/en-US/GEHC_ExternalSite/job/Haifa-HEALTHCARE-HA-IL-2/Clinical-Applications-Engineer_R4046192-1,Posted Today,
NVIDIA,NVIDIA 2027 Ignite Internships: Hardware Engineering,"US, CA, Santa Clara",https://nvidia.wd5.myworkdayjobs.com/en-US/NVIDIAExternalCareerSite/job/US-CA-Santa-Clara/NVIDIA-2027-Ignite-Internships--Hardware-Engineering_JR2027047,Posted Today,
NVIDIA,NVIDIA 2027 Ignite Internships: Software Engineering,"US, CA, Santa Clara",https://nvidia.wd5.myworkdayjobs.com/en-US/NVIDIAExternalCareerSite/job/US-CA-Santa-Clara/NVIDIA-2027-Ignite-Internships--Software-Engineering_JR2026958,Posted Today,
Qualtrics,"Data Analyst, GTM Analytics","Provo, Utah, United States",https://www.qualtrics.com/careers/us/en/job/8247259?gh_jid=8247259,2026-10-05T04:22:20-04:00,2026-10-05T04:22:20-04:00
The Walt Disney Company,"Store Planning Intern, Spring 2027","Lake Buena Vista, FL, USA",https://disney.wd5.myworkdayjobs.com/en-US/disneycareer/job/Lake-Buena-Vista-FL-USA/Store-Planning-Intern--Spring-2027_10160399,Posted Today,
The Walt Disney Company,"Walt Disney World Government Relations Intern, Spring 2027","Lake Buena Vista, FL, USA",https://disney.wd5.myworkdayjobs.com/en-US/disneycareer/job/Lake-Buena-Vista-FL-USA/Walt-Disney-World-Government-Relations-Intern--Spring-2027_10160354,Posted Today,
